NUMER	SPANISH	CONCEPTICON_ID	CONCEPTICON_GLOSS
1	3a persona plural		
2	3a pessoa do plural		
3	3a pessoa do singular		
4	3a pessoa plural absolutivo		
5	3a pessoa singular possessivo		
6	3Pl (esses)		
7	3ps.erg/A		
8	a ellos		
9	a la derecha		
10	a un nível alto,  pero colidando con algo		
11	abacaxi		
12	abaixo, embaixo,  sob		
13	abajo	1326	DOWN
14	abajo,  debajo de	1326	DOWN
15	abajo, debajo, bajo, suelo,  piso	1326	DOWN
16	abanar		
17	abanicar		
18	abanico	1971	FAN (OBJECT)
19	abeja sin aguijón (tipo),  cera de abejas		
20	abeja,  isula	665	BEE
21	abelha		
22	abertura		
23	aborrecer-se		
24	abrazar	928	EMBRACE
25	abrazar echado o sentado		
26	abraçar,  segurar nos braços		
27	abrir bien la boca		
28	abrir la boca		
29	abuela (paterna)	1496	GRANDMOTHER
30	abuela paterna,  esposa del hermano mayor		
31	abuelo del esposo		
32	acabar		
33	aceite	1484	OIL (ORGANIC SUBSTANCE)
34	achuni (animal parecido al oso hormiguero)		
35	achuni,  coatí		
36	acima		
37	aclararse,  como el cielo		
38	acumular condensación de vapor		
39	adonde		
40	adorno de la oreja		
41	adorno para el labio		
42	advinar,  conocer	3626	KNOW
43	afaninga (esp. de culebra)		
44	afeitar la cabeza		
45	afilado	1396	SHARP
46	afilar	251	SHARPEN (SOMETHING)
47	afogarse,  submergir em água		
48	agarrar	855	SEIZE
49	agarrar, coger,  asir	2148	PICK
50	agitar,  haciendolo sonar		
51	agora		
52	agradar,  complacer	1271	DELIGHT
53	agua	948	WATER
54	agua como del rio		
55	agua en recipiente		
56	agua en um recipiente		
57	agua para ele consumo		
58	aguaje,  palma real		
59	aguardiente	842	LIQUOR
60	aguas arriba		
61	aguja	1382	NEEDLE (FOR SEWING)
62	aguja,  punzón	1382	NEEDLE (FOR SEWING)
63	agujerearse las orejas		
64	agulha		
65	ahora	1376	NOW
66	ahora mismo		
67	ají	919	CHILI PEPPER
68	al lado de,  encima de	1816	BESIDE
69	ala	1257	WING
70	alabar		
71	alacrán	1538	SCORPION
72	algodão		
73	algodão,  utilizado para confecção de bolsas e como parte do mete (suporte de caça da zarabatana)		
74	algodón	1850	COTTON
75	alguien,  nadie		
76	alimento		
77	alimento de animales		
78	alimento de carne		
79	all of		
80	alma	811	SOUL
81	alma de un chamán		
82	almeja		
83	also		
84	alumbrar		
85	amanecer	729	DAWN
86	amanhã		
87	amar		
88	amar,  gostar		
89	amar,  querer	923	LOVE
90	amar,  seguir	1085	FOLLOW
91	amarelo		
92	amarelo,  laranja		
93	amargo	887	BITTER
94	amarillo	1424	YELLOW
95	amarillo,  pálido	1424	YELLOW
96	amarrar	1094	FASTEN
97	amarrar,  prender	1094	FASTEN
98	amassar		
99	amassar, bater,  golpear	353	STRIKE
100	amendoim		
101	amontona- miento de troncos en el río		
102	ampollitas de la piel en la cabeza		
103	anaquel		
104	anaquel colgante		
105	anaquel,  piso levantado		
106	ancho	1243	WIDE
107	ancho y plano		
108	ancho y plano,  como el río		
109	ancho,  como la abertura de un hueco	1243	WIDE
110	ancho,  espacio aberto	1243	WIDE
111	anchura		
112	anciano,  viejo	1229	OLD
113	ancião		
114	animal	619	ANIMAL
115	animal comestible		
116	animal doméstico		
117	animal favorito		
118	ano	1935	ANUS
119	anta (Tapirus terrestris)		
120	antecesores		
121	anzol		
122	apagado		
123	apagar	127	EXTINGUISH
124	apagar (el fuego)	127	EXTINGUISH
125	apagar el fuego o la luz		
126	apagar luz (fuego o vela)		
127	apagarse		
128	apagarse (el fuego)		
129	apestar	1587	SMELL (STINK)
130	apiñar		
131	apretar,  pelliscar		
132	apuntar,  señalar		
133	aranha		
134	arara		
135	arara azul		
136	arara vermelha e canindé		
137	araçari		
138	araña	843	SPIDER
139	araña,  telaraña	843	SPIDER
140	arbol	906	TREE
141	arcilla		
142	arcilla salitrosa,  lugar salado usado por los animales		
143	arco	994	BOW
144	arco iris	1733	RAINBOW
145	arco íris		
146	arder	1428	BURNING
147	ardilla roja		
148	areia		
149	areia,  barro de varias cores		
150	arena,  playa	671	SAND
151	arete hecho de una concha o un caracol,  que se utilizaba en las orejas		
152	ariranha		
153	armadillo de Kappler		
154	armadillo gigante		
155	armadillo,  carachupa	1885	ARMADILLO
156	arpoar		
157	arpão		
158	arraia		
159	arrastar		
160	arrastrar	2030	DRAG
161	arriba de algo		
162	arriba y arriba (como en noyaina- «volar arriba y arriba»)		
163	arroyo grande		
164	artesa para moler		
165	artérias		
166	as many as		
167	asa,  folha	1254	HANDLE
168	asa,  pena	1254	HANDLE
169	asar	1962	ROAST (SOMETHING)
170	assar		
171	assertiva negativa		
172	associativo		
173	associativo pronominal		
174	astilla		
175	asustar (por jaguar [tigre]		
176	atar	1917	TIE
177	ato de passar o fio dentro de um orifício		
178	ato de passar veneno na seta da zarabatana		
179	aumentar	2134	RAISE (BRING UP)
180	aumentar en número		
181	avergonzarse,  tener vergüenza		
182	avispa	1517	WASP
183	avispa,  abeja	665	BEE
184	ayer,  mañana	1329	TOMORROW
185	ayunar	303	ABSTAIN FROM FOOD
186	ayuno		
187	azul	837	BLUE
188	azul ou roxo		
189	ação subindo		
190	añuje		
191	añuje,  agutí	313	AGOUTI
192	back again		
193	bajo de,  debajo de,  en el suelo		
194	bambú,  marona (esp. de bambú muy espinhoso)	1927	BAMBOO
195	banana		
196	bananeira,  folha		
197	banco	2058	STOOL
198	banco típico		
199	bandeja de madera usada para moler		
200	banha		
201	banhar-se,  tomar banho		
202	barba	678	BEARD
203	barba)	678	BEARD
204	barba,  bigote	678	BEARD
205	barba,  pelos en la mejilla	678	BEARD
206	barbacoa (para ahumar carne)		
207	barbilla	1510	CHIN
208	barbilla,  mandíbula	798	JAW
209	barbilla,  quijada	1510	CHIN
210	barreiro		
211	barreiro,  canamã		
212	barrer	230	SWEEP
213	barrer,  limpiar	2235	CLEAN (SOMETHING)
214	barriga	1251	BELLY
215	barro	640	MUD
216	barro prendoso,  gredoso		
217	barro,  poeira	640	MUD
218	batata		
219	bater		
220	bater,  dar um tapa		
221	bater,  golpear	353	STRIKE
222	bañarse	138	BATHE
223	bañarse,  nadar	1439	SWIM
224	baúl,  caja	1465	BOX
225	be nauseous		
226	beber	1401	DRINK
227	beber mucho		
228	beber,  tragar	1401	DRINK
229	bebida cernida		
230	bebida de maíz o de yuca		
231	bebida hecha de maíz dulce		
232	beija-flor		
233	benefactivo		
234	benefício		
235	besar,  oler	1586	SMELL (PERCEIVE)
236	bicho de caça		
237	bien		
238	bien seco,  como ropa secada al sol		
239	bigode,  barba	678	BEARD
240	bigote	1165	MOUSTACHE
241	bilhar,  queimar		
242	boca	674	MOUTH
243	boca,  lábios	674	MOUTH
244	bocachica		
245	bocejar		
246	bochecha		
247	body		
248	bodó		
249	boiar		
250	bolita,  verruga		
251	bolsa de corteza para guardar isana,  plumas,  algodón u otras cosas		
252	bolsa del cuello de rana, papada de largatija,  piel del cuello de pava		
253	bolsapequena(?)		
254	bom,  bonito		
255	bom, bonito		
256	bombo caspi (esp. de árbol)		
257	boné,  chapéu		
258	boquichico		
259	boquichico (esp. de pez)		
260	borda,  lábios		
261	borde afilado		
262	borde cortante,  afilado	1396	SHARP
263	borduna,  bastão		
264	borracho	1463	DRUNK
265	bosque primario		
266	bostezar	1028	YAWN
267	botar,  abandonar		
268	botar,  echar	1456	THROW
269	branco		
270	brasa,  carbón de leña		
271	bravo		
272	bravo,  valiente	3	BRAVE
273	brazo	1673	ARM
274	braço		
275	braços		
276	brincar		
277	brinco		
278	brinco tradicional		
279	brisa		
280	broto		
281	bueno	1035	GOOD
282	bueno, bonito,  mucho	1035	GOOD
283	bueno, lindo, bonito	1035	GOOD
284	buitre	1185	VULTURE
285	bujao (planta parecida a la de plátano)		
286	bujurqui (esp. de pez)		
287	buraco		
288	buraco do nariz,  narina		
289	buraco ou orifício		
290	buraco,  orifício		
291	buriti		
292	buriti (Mauritia vinifera Mart.)		
293	caba		
294	cabaça		
295	cabeceira (de rio)		
296	cabelo		
297	cabeza	1256	HEAD
298	cabeza rapada		
299	cabeza-golpear		
300	cabeça		
301	cachorro	74	PUPPY
302	cachorro pequeño		
303	caer	1280	FALL
304	caer(se)	1280	FALL
305	caerse		
306	caimán,  lagarto	2438	CAIMAN
307	cair		
308	cair de algum lugar estando acima do chão		
309	cair do alto		
310	caititu		
311	caititu,  porquinho		
312	caja	1465	BOX
313	cajado de pupunheira		
314	calabaza	411	GOURD
315	caldo	1547	SOUP
316	calentar	1341	HEAT UP
317	calentar o ahumar carne sobre el fuego		
318	calentarse		
319	calentarse (parado alrededor del fuego)		
320	calentarse al fuego o al sol		
321	caliente	1286	HOT
322	caliente,  calor	1286	HOT
323	caliente,  templado	1286	HOT
324	callampa,  hongo		
325	calmarse		
326	calor,  quente		
327	caluroso y húmedo (el tiempo),  calor com humedad		
328	calvo	1125	BALD
329	cama	1663	BED
330	camarão		
331	caminar	1443	WALK
332	caminho		
333	caminho,  picada		
334	camino	2252	PATH
335	camino,  trocha	2252	PATH
336	camote	159	SWEET POTATO
337	camote dulce		
338	campo	212	FIELD
339	canadeaçúcar(?)		
340	canalete		
341	canasta de mujer		
342	canasta provisional		
343	canela		
344	canela,  parte inferior da perna		
345	canoa	1970	CANOE
346	canoa grande usada para hacer canoas provisionales,  canoa provisional		
347	canoa,  mortero de madera chato	1970	CANOE
348	cantar (um pájaro)	1261	SING
349	capelão (macaco)		
350	capibara		
351	capim		
352	capivara		
353	capoeira,  roça abandonada		
354	cara	1560	FACE
355	cara,  frente	123	FOREHEAD
356	carachama (esp. de pez)		
357	carachama (especie de pez)		
358	caracol acuático grande,  adorno de las orejas		
359	caracol grande de río		
360	carancho		
361	carapanã		
362	carbón	1188	CHARCOAL
363	carbón que queda en el extremo de la leña		
364	carbón,  cosas oscuras	1188	CHARCOAL
365	cargar	700	CARRY
366	carne	2615	FLESH OR MEAT
367	caro		
368	carrapto		
369	carrillo,  mejilla	1730	CHEEK
370	carvão,  brasa		
371	cará		
372	casa	1252	HOUSE
373	casa (elevada?)	1252	HOUSE
374	casa comunal		
375	casa de antigamente		
376	casa temporária,  tapiri		
377	casa,  techo	1252	HOUSE
378	casca		
379	casca de árvore		
380	casca de árvore,  pele		
381	casco,  pedazo pequeño de cerámica	1680	HELMET
382	caspa	576	DANDRUFF
383	catalán,  martín pescador		
384	catar	21	TASTE (SOMETHING)
385	causativo		
386	caña brava	659	REED
387	caña cultivada por los Matsés utilizada para harcer flechas		
388	caña de azúcar	146	SUGAR CANE
389	cedazo,  tamiz		
390	cedinho		
391	cedro		
392	ceja	1173	EYEBROW
393	ceja,  pestaña	1173	EYEBROW
394	cejas		
395	ceniza	646	ASH
396	centro		
397	centro de una cosa		
398	cera	1931	BEESWAX
399	cera de abejas		
400	cera del oído		
401	cera do ouvido		
402	cerbatana	432	BLOWGUN
403	cerro,  loma	639	MOUNTAIN
404	cetico (esp. de árbol)		
405	ceño		
406	chacra		
407	chacra,  jardín	586	GARDEN
408	chama (no sentido de nomear)		
409	chamar		
410	chamar,  convidar		
411	chancho		
412	chapeu,  cocar		
413	chapéu feito de taboca		
414	charco de animales		
415	charco en el barro,  hueco de agua donde se bañan y juegan los animales		
416	chegar		
417	chegar,  descer		
418	cheirar		
419	cheiro		
420	cheiro,  fedor		
421	chest		
422	chicharra		
423	chifre		
424	chifre de animal		
425	chima		
426	chipa		
427	Choari		
428	chonta (especie de palmera)	440	CHONTA PALM
429	chonta,  (espécie de palmera y su cogollo comestible)	440	CHONTA PALM
430	chorar		
431	chuchichear		
432	chupar	1421	SUCK
433	chupar la piel		
434	chupar,  sugar	1421	SUCK
435	chuva		
436	cidade,  assentamento		
437	cielo	1732	SKY
438	cierro,  la montaña		
439	cierta clase de arcilla		
440	cigarra		
441	cima	1753	TOP
442	cima,  cumbre	1753	TOP
443	cinza		
444	cinza (lit. pó (poeira) de fogo)		
445	cinza,  acinzentado		
446	clara de ovo,  líquido amniótico		
447	claridade		
448	claro	989	CLEAR
449	clase de avispa		
450	clase de calabaza comestible		
451	clase de canasta		
452	clase de caña o bambú		
453	clase de escarabajo		
454	clase de flecha con varios ganchos		
455	clase de garza		
456	clase de hormiga		
457	clase de hormiga grande		
458	clase de loro		
459	clase de oropéndola,  paucar		
460	clase de palma		
461	clase de pan		
462	clase de pavo silvestre		
463	clase de pez		
464	clase de pez grande		
465	clase de pez pequeño		
466	clase de rana		
467	clase de torta pan		
468	clase de tortuga		
469	clase de árbol (amargo,  no comestible),  maldición por hechicería o fetiche		
470	clavar (con martillo)	3306	NAIL
471	clavar juntos		
472	coador		
473	coati,  lat. nasua nasua		
474	cobertizo para cazar		
475	cobra		
476	cobra grande		
477	cobrir,  envolver		
478	coceira		
479	cochichar		
480	cocinar carne en agua		
481	codiciar,  desear	2117	DESIRE
482	coger	2148	PICK
483	coger con la mano		
484	coger,  asir	2148	PICK
485	coisa		
486	coisa podre,  fedor		
487	cola	1220	TAIL
488	cola,   genitales masculinos	1220	TAIL
489	colar de coquinho		
490	colibrí	1589	HUMMINGBIRD
491	colina	614	HILL
492	colina alta		
493	colina,  montaña	639	MOUNTAIN
494	colina,  sistema montañoso	614	HILL
495	colocar dentro,  submergir		
496	color ceniciento		
497	colorearse,  pintonearse		
498	columna vertebral		
499	coluna		
500	coluna vertebral		
501	com ojo hundidos		
502	com,  empossede		
503	comején		
504	comején,  esp. de hormiga blanca		
505	comenzar, querer, estar por,  tener intenciones	923	LOVE
506	comer	1336	EAT
507	comer elementos sólidos		
508	comer fruta cruda		
509	comer o chupar,  como fruta o caramelo		
510	comer o moder carne		
511	comer una fruta		
512	comer,  morder	1336	EAT
513	comida	256	FOOD
514	comida (coisa de comer)	256	FOOD
515	comida de tapir (nombre de planta)		
516	comitative		
517	comitative (A)		
518	comitative (S)		
519	comitativo		
520	comitativo com verbos intransitivos		
521	comitativo com verbos transitivos		
522	comitativo con verbos intransitivos		
523	comitativo con verbos transitivos		
524	como	1239	HOW
525	comprar	1869	BUY
526	comprar,  pagar	718	PAY
527	con	1340	WITH
528	con,  complemento de asociación	1340	WITH
529	con,  por	1340	WITH
530	concha (esp. de pássaro)	598	SHELL
531	condor blanco		
532	conejo	1136	RABBIT
533	conhecer,  aprender	504	LEARN
534	conjunto de árvores		
535	contar a alguien, contar sobre alguien/algo, contar un cuento, aconsejar, consultar,  preguntar	1309	ASK (INQUIRE)
536	conversar		
537	convocar,  llamar	1084	CALL
538	coração		
539	corda		
540	corda de amarrar rede		
541	corona	1943	CROWN (OF HEAD)
542	corona de plumas y cuentas,  sombrero	771	HAT
543	coronilla		
544	corpo humano		
545	corpo,  homem		
546	correr	1519	RUN
547	correr,  fugir	1519	RUN
548	corriente	947	STREAM
549	cortar	1432	CUT
550	cortar (com machado,  com dente de queixada)	1432	CUT
551	cortar cabello		
552	cortar con hacha (un arbol		
553	cortar el cerquillo		
554	cortar el pelo		
555	cortar el pelo en forma de flequillo		
556	cortar el pelo por la frente		
557	cortar el racimo de una palmera		
558	cortar la mano		
559	cortar o cabelo		
560	cortar,  trozar	1432	CUT
561	corteza de árbol		
562	corteza,  carapa	1204	BARK
563	cortou		
564	coruja		
565	coser	1457	SEW
566	costar,  vengarse		
567	costas		
568	costas (prefixo parte do corpo)		
569	costura		
570	costurar		
571	coto (esp. de mono)		
572	couro,  carcaça		
573	coxa		
574	coçar		
575	coçar,  coceira		
576	crecer	479	GROW
577	crecido		
578	creciente del río		
579	crescer		
580	cria		
581	criança		
582	criação,  animal doméstico		
583	crudo	1959	RAW
584	crudo,  verde	1425	GREEN
585	cubrir com tierra		
586	cuchichear	55	WHISPER
587	cuchillo	1352	KNIFE
588	cuchillo grande		
589	cuello	1333	NECK
590	cuello,  cerviz	1333	NECK
591	cuentas		
592	cuerno	1393	HORN (ANATOMY)
593	cuero,  piel	763	SKIN
594	cuerpo	1480	BODY
595	cuerpo,  gente	789	PEOPLE
596	cuerpo,  persona	683	PERSON
597	cuerpo,  torso,  hombre desconocido	1480	BODY
598	cuerpo, gente,  paisano	789	PEOPLE
599	cuerpo, gente,  persona del mismo grupo étnico	789	PEOPLE
600	cueva,  hueco en la tierra	1155	CAVE
601	cuidar		
602	cuidar,  segurar nos braços		
603	cujubim		
604	culebra	730	SNAKE
605	culebra,  víbora	730	SNAKE
606	culpar,  acusar	1814	ACCUSE
607	cumbrera, piedra para moler	280	RIDGEPOLE
608	cumeira		
609	cunhada mais velha		
610	cunhado		
611	cupim		
612	curandero,  brujo	394	SHAMAN (FOLK HEALER)
613	curucusi		
614	cutia		
615	cutia (esp. de roedor)		
616	cuñado		
617	cáscara		
618	céu		
619	cóndor		
620	dar	1447	GIVE
621	dar a luz		
622	dar la espalda a,  asolearse		
623	dar un corte de pelo		
624	dar un corte de pelo,  sacar todo el pelo		
625	dar,  pagar	1447	GIVE
626	de este tamaño (objeto entero)		
627	de novo		
628	debulhar o milho		
629	decir	1458	SAY
630	decir,  hablar	1458	SAY
631	dedo	1303	FINGER
632	dedo de la mano	1303	FINGER
633	defecar		
634	deitado		
635	deitar		
636	deitar-se		
637	deixar,  largar		
638	dejar	2896	CAUSE TO (LET)
639	dejar caer	2866	DROP (SOMETHING)
640	dejar,  abandonar	2896	CAUSE TO (LET)
641	dejar,  terminar	1766	FINISH
642	dele		
643	dele,  dela		
644	dele,  é dele		
645	deles		
646	delicioso		
647	demonio del bosque		
648	demonio,  criatura parecida al tigre	1973	DEMON
649	demonio,  espíritu	1973	DEMON
650	denso,  tupido (vegetación de una chacra abandonada)	2239	DENSE
651	dente		
652	dente,  bico (de ave)		
653	dentro		
654	dentro,  colocar		
655	dentro,  no centro		
656	depois		
657	depués		
658	derecha	1019	RIGHT
659	derecha,  mano derecha	1019	RIGHT
660	derribar		
661	derribar con hacha,  tumbar con hacha		
662	derrubar		
663	derrubar (árvore)		
664	derrubar,  cortar	1432	CUT
665	desaparecer,  olvidar,  perder	485	DISAPPEAR
666	descansar	168	REST
667	descascar		
668	desear	2117	DESIRE
669	desejar		
670	desenhar,  pintar	3122	PAINT (SOMETHING)
671	desenho		
672	desiderativo		
673	desiderativo negativo		
674	desiderativo sincrônico		
675	desligar aparelho		
676	despejo,  claro	250	LIGHT (COLOR)
677	despejo,  día	1225	DAY (NOT NIGHT)
678	después	1685	AFTER
679	destapar		
680	dia	1225	DAY (NOT NIGHT)
681	dibujo		
682	dibujo,  escritura		
683	dibujo,  marcas		
684	diente	1380	TOOTH
685	diente,  comida	1380	TOOTH
686	diente,  muela	1380	TOOTH
687	dieta alimentar,  resguardo		
688	diete		
689	diminutivo		
690	direção,  via (enclítico pronominal)		
691	dispara a escopeta		
692	disparar escopeta,  palmotear		
693	diversas clases de insecto,  el piojo grande		
694	dividir en dos partes		
695	dizer		
696	dizer,  contar	1420	COUNT
697	dizer,  falar		
698	doble,  grueso	1244	THICK
699	doce	1707	TWELVE
700	doença		
701	doer		
702	dois		
703	doler		
704	dolor de cabeza		
705	dolor,  gripe	1668	GRIEF
706	domesticado		
707	doméstico (animal)		
708	dono		
709	dor de cabeça		
710	dor,  doer		
711	dormir	1585	SLEEP
712	dormir.PRES		
713	dos	1498	TWO
714	droga,  veneno	655	POISON
715	dual		
716	dueño	1036	OWNER
717	dulce	717	SWEET
718	duro	1884	HARD
719	duro (olla,  plátanos), grueso (tela),  pesado (madera)	1210	HEAVY
720	duro,  forte	1884	HARD
721	día	1225	DAY (NOT NIGHT)
722	día,  luz	1225	DAY (NOT NIGHT)
723	dói		
724	earth		
725	echarse		
726	echarse,  acostarse	215	LIE DOWN
727	el agua		
728	el ala nasal		
729	el ambaybo (planta que sirve para hacer sogas)		
730	el bi (fruta que da uma pintura negra)		
731	el bicho (parásito)		
732	el carbón de leña,  el tizón		
733	el chichilo (esp. de mono)		
734	el final,  el punto donde se termina uma cosa		
735	el humo		
736	el lado más ancho de una cosa		
737	el ojo		
738	el peni (clase de lagarto)		
739	el pez (en general)		
740	el pintado,  el surubí		
741	el punto más alto		
742	el pájaro		
743	el tejón		
744	el tigre,  el jaguar		
745	el tocayo,  el homónimo mayor de edad		
746	el água se mueve,  como cuando el viento la agita		
747	ele		
748	ele dorme		
749	ele,  esse		
750	eles		
751	eles,  elas		
752	ellos	817	THEY
753	ellos,  a ellos	817	THEY
754	ellos,  esos	817	THEY
755	em cima		
756	em direção à cabeceira do rio		
757	em,  dentro		
758	embaixo		
759	embarcar,  poner en la canoa		
760	embaúba		
761	embebedar-se, bêbado,  embriagado		
762	emborracharse,  estar borracho por haber tomado ayahuasca		
763	emphatic		
764	empleado		
765	empujar,  o golpear con el pie	1452	PUSH
766	en compañia de,  con (sufijo nominal)	1340	WITH
767	en lo profundo de la cabeza		
768	en,  en el centro	1460	IN
769	en,  sobre	3088	ENVELOPE
770	encima		
771	encima de,  de la cabeza		
772	encima,  arriba	1591	UP
773	encima,  cume		
774	encima,  espacio desmontado		
775	encontrar,  procurar	719	FIND
776	enemigo	1358	ENEMY
777	enemigo,  extraño	1358	ENEMY
778	enfeite de orelha,  brinco		
779	enfeite utilizado nas orelhas		
780	enfermemarse		
781	enfoque,  enfocar		
782	enfático,  mesmo		
783	enganar		
784	engatinhar		
785	engañar	3230	DECEIVE
786	engolir		
787	engravidar,  dar a luz		
788	enjambre de peces		
789	enojarse,  molestarse		
790	ensartar		
791	ensartar pescado		
792	ensinar		
793	entender,  saber	1410	KNOW (SOMETHING)
794	enterrar		
795	enterrar (intr..)		
796	enterrar (tr.)		
797	entibiar		
798	entibiar,  calentar	1341	HEAT UP
799	entonces		
800	entrar	749	ENTER
801	entrar,  penetrar	749	ENTER
802	envergonhar-se,  ter vergonha		
803	envolver(se) en		
804	envolver’ (LOOS; LOOS, 1998)		
805	errar,  perderse		
806	erva		
807	erva,  capim		
808	escalar	1102	CLIMB
809	escalar un árbol		
810	esclavo,  siervo	812	SLAVE
811	esconder	602	HIDE (CONCEAL)
812	esconderse,  andar en un solo sitio dejando pisadas		
813	escopeta		
814	escopeta (LORIOT; LAURIAULT; DAY, 1993)		
815	escopeta,  la explosión de un arma de fuego		
816	escorpião		
817	escorpión	1538	SCORPION
818	escribir	1672	WRITE
819	escrito		
820	escudo (feito de couro)	1064	SHIELD
821	escuro		
822	escuro,  noite		
823	escurtar,  ouvir		
824	escutar,  entender	1536	UNDERSTAND
825	esp. de abelha		
826	esp. de abóbora		
827	esp. de aranha		
828	esp. de arara		
829	esp. de armadillo		
830	esp. de armadillo o carachupa		
831	esp. de cabaça		
832	esp. de caramujo		
833	esp. de carrapato		
834	esp. de chuchío		
835	esp. de cobra		
836	esp. de coruja		
837	esp. de formiga		
838	esp. de fungo		
839	esp. de garça		
840	esp. de gavião		
841	esp. de guacamayo		
842	esp. de hierba		
843	esp. de hormiga		
844	esp. de hormiga que pica		
845	esp. de lacraia		
846	esp. de lagarta		
847	esp. de lagartixa		
848	esp. de lontra		
849	esp. de macaco		
850	esp. de mono		
851	esp. de mosquito		
852	esp. de muena caracterizada por tener una corteza negra		
853	esp. de onça		
854	esp. de palmeira		
855	esp. de palmera’ (SHELL, 1987)		
856	esp. de peixe		
857	esp. de peixe (da fam. Pimelodidae)		
858	esp. de peixe (esp. da fam. Loricariidae)		
859	esp. de pez		
860	esp. de pez menudo		
861	esp. de pez muy pequeño,  sardina		
862	esp. de picapau (da fam. Picidae)		
863	esp. de pimenta		
864	esp. de planta		
865	esp. de preguiça		
866	esp. de preguiça (macaco)		
867	esp. de pásaro		
868	esp. de pássaro (Shell (1975 [1965] o descreve como shansho)		
869	esp. de queixada (porco do mato)		
870	esp. de roedor como majás		
871	esp. de sapo		
872	esp. de taboca (bambu)		
873	esp. de tatu		
874	esp. de tubérculo (inhame?)		
875	esp. de tucano		
876	esp. de tucano grande		
877	esp. de veado		
878	esp. de árbol y su fruto		
879	esp. de árvore		
880	esp. de árvore (embaúba?)		
881	esp. de árvore (segundo SHELL (1975 [1965]) Savia Pegajosa) (da fam. Phyllanthaceae)		
882	esp. de árvore e também seu fruto (segundo SHELL (1975 [1965]),  seria o Zapote)		
883	esp. depeixe		
884	esp.degarça		
885	esp.demacaco		
886	esp.demolusco		
887	esp.depeixe		
888	esp.deplanta		
889	esp.derãousapo		
890	espada,  lança	1535	SWORD
891	espalda	1291	BACK
892	espalda (parte inferior)	1291	BACK
893	especie de hormiga grande que pica		
894	espectro do tatu canastra		
895	espectro, fantasma	1175	GHOST
896	esperar	1590	WAIT (FOR)
897	esperar,  diferir	1590	WAIT (FOR)
898	esperma		
899	espina	805	SPINE
900	espingarda		
901	espinho		
902	espinilla,  canilla	186	SHIN
903	esposa	1199	WIFE
904	esposa,  mujer	962	WOMAN
905	esposa,  prima cruzada de homem	1199	WIFE
906	esposo	1200	HUSBAND
907	espuma	1768	FOAM
908	espuma (de jabón),  espuma de huevos de sapo	1768	FOAM
909	espécie de formiga bem pequena		
910	espécie de papagaio		
911	espírito		
912	espíritu	53	SPIRIT
913	espíritu malo		
914	espíritu malo,  reflexión		
915	espíritu,  fantasma	1175	GHOST
916	espíritu,  máscara	2005	MASK
917	esquecer		
918	esquecer,  perder	3072	MISPLACE
919	esquentar		
920	essa quantia		
921	esse tanto		
922	estar afiebrado,  tener fiebre		
923	estar asombrado,  avergonzado	1894	ASHAMED
924	estar cojo,  estar mal de las rodillas y no poder andar bien		
925	estar de pie,  vivir	1422	BE ALIVE
926	estar em pé		
927	estar enojado		
928	estar enojado,  estar peleando		
929	estar enojado,  molesto		
930	estar erizado		
931	estar mojado		
932	estar parado (persona o animal)		
933	estar preñado		
934	estar preñado,  llevar fruto		
935	estar quieto		
936	esteira		
937	estera	195	MAT
938	estrada		
939	estrangeiro		
940	estrangeiro,  civilizado		
941	estrela		
942	estrella	1430	STAR
943	esófago		
944	excremento		
945	excremento,  caca		
946	exibir		
947	experimentar		
948	extranjero,  salvaje		
949	extranjero, mestizo		
950	extremo suelto en el borde (por ejemplo,  los flecos de una hamaca,  hojas sueltas del techumbre de una casa)		
951	faca		
952	faixa para a cabeça,  chapéu		
953	fala, voz,  palavra	1363	VOICE
954	falda	1600	SKIRT
955	falda,  tela	1600	SKIRT
956	fall		
957	farinha		
958	fazer		
959	fazer dieta,  jejum		
960	fazer,  matar	1417	KILL
961	febre		
962	feder		
963	fedido,  fedor		
964	feiticeiro		
965	felino		
966	feroz		
967	feroz,  enojado	1826	ANGRY
968	ferro		
969	ferver		
970	fezes		
971	ficar em pé		
972	fiebre	1534	FEVER
973	filho		
974	filho do irmão,  pertence a uma geração mais nova		
975	filho,  criança		
976	filho,  menino		
977	filhote de,  pinto de galinha		
978	fino		
979	fino,  delgado	1400	THIN (SLIM)
980	fino,  delgado como el papel o la tela		
981	fino,  raso		
982	fio		
983	fio,  corda		
984	fio, linha,  corda		
985	fish esp.		
986	flauta	777	FLUTE
987	flecha	977	ARROW
988	flecha,  taboca usada para fazer flecha	977	ARROW
989	flor	239	FLOWER
990	flotar	1574	FLOAT
991	flotar,  estar flojo	1574	FLOAT
992	fluir	2003	FLOW
993	fogo		
994	folha		
995	folha,  pena		
996	forastero, bárbaro,  extranjero		
997	formar el borde		
998	formativo de nomes e adjetivos		
999	formiga		
1000	formiga (gen.)		
1001	formiga de fogo		
1002	fosa nasal		
1003	frazada,  colcha		
1004	frente	123	FOREHEAD
1005	frente,  cara	123	FOREHEAD
1006	frente,  parte superior del rostro	123	FOREHEAD
1007	fresco,  novo	243	FRESH
1008	frio	1287	COLD
1009	frio,  gelado	1287	COLD
1010	frio,  gelo	1287	COLD
1011	frotar	1449	RUB
1012	fruta	1507	FRUIT
1013	fruta verde		
1014	fruto	1507	FRUIT
1015	frío	1287	COLD
1016	fuerte	785	STRONG
1017	fuerte (por ejemplo	785	STRONG
1018	fumaça		
1019	fumo		
1020	fundo		
1021	furar		
1022	fuso,  arraia		
1023	futuro - hoje e depois de hoje		
1024	futuro indefinido,  sufijo verbal		
1025	futuro interrogativo		
1026	fígado		
1027	gafanhoto		
1028	garganta	1346	THROAT
1029	garra,  unha	72	CLAW
1030	garrapata		
1031	garrapatilla		
1032	garza	758	HERON
1033	garça		
1034	gastado,  sin valor		
1035	gatear	96	CRAWL
1036	gato	1208	CAT
1037	gavilán negro		
1038	gavião		
1039	gente	789	PEOPLE
1040	gente que usa ropa		
1041	gente,  corpo humano	789	PEOPLE
1042	genérico,  plural		
1043	gerimun		
1044	gigantesco		
1045	goiaba(?)		
1046	golpear	353	STRIKE
1047	golpear a cabeça		
1048	golpear a otro en,  tirar algo contra la cabeza		
1049	golpear dos piedras sobre la cabeza de los niños para que sean valientes y tengan corazones fuertes		
1050	golpear en el ojo		
1051	golpear la cabeza,  pegar en la cabeza		
1052	golpear,  golpear la urdimbre al tejer	353	STRIKE
1053	golpear, pelear,  romper	353	STRIKE
1054	gordo		
1055	gordo,  forte		
1056	gordura		
1057	gordura,  óleo		
1058	gostoso,  delicioso		
1059	gostoso,  saboroso		
1060	gran oso hormiguero		
1061	grande	1202	BIG
1062	grande, grosso,  largo	1202	BIG
1063	greda		
1064	greda (arcilla)		
1065	grillo	2354	CRICKET
1066	grilo preto		
1067	grilo,  gafanhoto		
1068	gripe		
1069	gris	2409	BROWN
1070	gris,  color de ceniza	2409	BROWN
1071	gritar, gemir,  lamentarse	2522	SCREAM (NOISE)
1072	grosso		
1073	grosso,  espesso		
1074	grupo de pececillos		
1075	grávida		
1076	guaba,  chimbillo		
1077	guacamayo	1630	MACAW
1078	guacamayo de color azul y amarillo		
1079	guacamayo de color rojo y azul		
1080	guariba		
1081	guariba (esp. de macaco), mono aullador	433	HOWLER MONKEY
1082	guayaba		
1083	guayabo,  guayaba		
1084	guiar (uma canoa) por trás		
1085	guiso de pescado		
1086	gusano	1219	WORM
1087	habla		
1088	hablar	1623	SPEAK
1089	hace tiempo		
1090	hacer caer a outro		
1091	hacer dibujos en tinaja o en la cara		
1092	hacer dieta		
1093	hacer girar		
1094	hacer resbalar		
1095	hacer sombra		
1096	hacer sombra,  estar en la sombra		
1097	hacer sonar		
1098	hacer,  matar con veneno	813	DO
1099	hacha	677	AXE
1100	hacha (palabra antigua)	677	AXE
1101	hacha de metal		
1102	hacha de piedra		
1103	hacha,  hacha pequeña	677	AXE
1104	hacha,  hierro	677	AXE
1105	hacia		
1106	halcón,  gavilán	3258	FALCON
1107	hallar		
1108	hamaca	2019	HAMMOCK
1109	head		
1110	heces		
1111	hechicero		
1112	heder,  apestar	1587	SMELL (STINK)
1113	hediondo,  podrido	1728	ROTTEN
1114	hembra	2260	FEMALE (OF PERSON)
1115	hermano de la madre,  padre de la esposa	2692	MATERNAL UNCLE (MOTHER'S BROTHER)
1116	hermano de mujer,  hermana de hombre		
1117	hermano menor de hombre		
1118	hermano o hermana		
1119	hermano,  hermana mayor de sexo diferente	1262	BROTHER
1120	hervir	2493	BOIL
1121	hervir (comida en agua)	2493	BOIL
1122	hierba	606	GRASS
1123	hierba,  medicina	606	GRASS
1124	hierba,  pasto (pronúncia alternativa)	606	GRASS
1125	hierbas malas,  huerto o campo abandonado		
1126	hierro	621	IRON
1127	hija,  niña (voc. empleado por el padre o la madre)	1357	DAUGHTER
1128	hijo	1620	SON
1129	hijo de la hermana de un hombre		
1130	hijo(a) de la hermana de un hombre		
1131	hijo(a) de la madre		
1132	hilar,  tejer algodón	121	SPIN
1133	hilo	1161	THREAD
1134	hilo fino		
1135	hocico largo		
1136	hoja de plátano		
1137	hoja grande de plátano		
1138	hoja,  pluma	1201	FEATHER
1139	hombre	1554	MAN
1140	hombre de la tribu,  pariente		
1141	hombre prisionero,  animal domesticado		
1142	homem		
1143	homem branco		
1144	homem velho		
1145	homem velho,  ancião		
1146	homem,  humano		
1147	hongo		
1148	hongo,  moho		
1149	hormiga	587	ANT
1150	hormiga cazadora		
1151	hormiga grande		
1152	hormiga negra pequeña		
1153	hormiga pequeña que vive en la epífita llamada itininga		
1154	hormiga roja pequeña con aguijón		
1155	hoy	1283	TODAY
1156	hoy,  ahora	1376	NOW
1157	hozar		
1158	huangana,  jabalí	1348	BOAR (MALE PIG)
1159	huangana,  pecarí		
1160	hueco en el lóbulo de la oreja		
1161	hueco que se hace en el lóbulo de la oreja		
1162	hueco,  abierto	3235	OPEN (STATE)
1163	hueco,  cueva	1155	CAVE
1164	huerto abandonado o campo en su segundo cultivo		
1165	huerto o campo en actual uso		
1166	huerto o campo viejo abandonado		
1167	hueso	1394	BONE
1168	huevo	744	EGG
1169	huir	956	FLEE
1170	huir,  correr	1519	RUN
1171	huito (espécie de árbol)		
1172	humita		
1173	humita (alimento feculoso hervido en hojas)		
1174	humo	778	SMOKE (EXHAUST)
1175	hundirse		
1176	Hyde, 1980),  hanɨ I		
1177	hárpia, gaviãoreal		
1178	hígado	1224	LIVER
1179	hócico		
1180	ictérico		
1181	igarapé (CABRAL; OLIVEIRA, 2010))		
1182	igarapé grande		
1183	igual, do mesmo jeito,  também		
1184	igual, do mesmo tanto,  empatado (uma partida de futebol)		
1185	imaginar,  pensar	2271	THINK
1186	imperativo		
1187	imperativo (VALENZUELA; OLIVEIRA, 2012)		
1188	imperativo negativo,  prohibición		
1189	imprecise direction,  location		
1190	ingerir alimentos moles		
1191	ingá		
1192	inhambu		
1193	inhame		
1194	insecto	620	INSECT
1195	insertar,  profundo		
1196	instruir,  conocimiento		
1197	instrumento musical		
1198	instrumento para succionar tabaco por la nariz		
1199	instrumet nominalizer		
1200	interior,  inside		
1201	intestino	1991	INTESTINES
1202	intestino delgado		
1203	intestino,  barriga	1251	BELLY
1204	intestino,  tripas	1334	GUTS
1205	invierno	1471	WINTER
1206	ipaxiuba		
1207	ir en círculos		
1208	ir o meter dentro de algo		
1209	irmã ou irmão do sexo oposto		
1210	irmão da mãe		
1211	irmão da mãe,  tio		
1212	irmão mais novo		
1213	isango		
1214	isula (una hormiga feroz)		
1215	jabalí menor,  sajino		
1216	jaboti		
1217	jabuti		
1218	jacamim		
1219	jacamim (esp. de pássaro)		
1220	jacamin		
1221	jacaré		
1222	jacaré grande		
1223	jacu		
1224	jacu (esp. de pássaro)		
1225	jacubim		
1226	jaguar		
1227	jalar	1455	PULL
1228	jalar,  estirar	1455	PULL
1229	japu (esp. de pássaro da fam. Icteridae)		
1230	japó		
1231	jarina (esp. de palmeira)		
1232	jenipapo		
1233	jeringa		
1234	jirau		
1235	jochi pintado		
1236	joelho		
1237	jogar		
1238	jogar,  abandonar		
1239	jovem,  rapaz		
1240	joven	1207	YOUNG
1241	kapok		
1242	la boca,  la lengua		
1243	la broquelona (clase de garrapata grande)		
1244	la cadera		
1245	la capyguara		
1246	la cera de la miel		
1247	la cera de la miel,  mezclada con bi		
1248	la chapapa (para asar carnes)		
1249	la cotorita (clase de lorito verde)		
1250	la garza		
1251	la londra		
1252	la muchacha		
1253	la palma real		
1254	la pita,  el hilo		
1255	la pluma roja o el plumón rojo de la cola de um ave		
1256	la termita,  el turiro		
1257	labio	478	LIP
1258	lacraia		
1259	lacraia,  escorpião		
1260	lado (enclítico adverbial)	682	SIDE
1261	ladrar	1206	BARKING
1262	ladrón	1160	THIEF
1263	lagarta		
1264	lagartija	632	LIZARD
1265	lagartija terrestre		
1266	lagartixa,  verme		
1267	lagarto	632	LIZARD
1268	lagarto de samaúma		
1269	lagarto,  caimán	2438	CAIMAN
1270	lagarto,  cocrodilo,  caimán	2438	CAIMAN
1271	lago	624	LAKE
1272	lagrimar		
1273	lamentarse,  llevar duelo		
1274	lanza	945	SPEAR
1275	lanza,  arpón,  lanza	945	SPEAR
1276	lança		
1277	largar algo,  dejar caer algo		
1278	lava		
1279	lavar	1453	WASH
1280	lavar (la ropa)	1453	WASH
1281	lavar platôs o manos		
1282	lavar ropa		
1283	lavar,  lavar-se	1453	WASH
1284	lavarse		
1285	le		
1286	leche	635	MILK
1287	leche animal		
1288	leche materna,  leche del tucho		
1289	leche,  seno	635	MILK
1290	lechuza	735	OWL
1291	leite		
1292	leite,  seio		
1293	lengua	1205	TONGUE
1294	lengüita de arpón		
1295	lenha		
1296	levantar	501	LIFT
1297	levantar,  suspender	501	LIFT
1298	leña	10	FIREWOOD
1299	liendre	267	NIT
1300	like		
1301	likewise(Itr)		
1302	likewise(Tr)		
1303	limpiar	2235	CLEAN (SOMETHING)
1304	limpiar el área alrededor de las casas		
1305	linha		
1306	liquid		
1307	lisa (especie de pez)		
1308	live		
1309	llama	889	FLAME
1310	llama,  llamarada	889	FLAME
1311	llamar	1084	CALL
1312	llamar (a alguien)	1084	CALL
1313	llamar (a alguien),  nombrar	1084	CALL
1314	llamar a una fiesta por medio de hablar		
1315	llamar desde lejos,  nombrar		
1316	lleno hasta el borde		
1317	llevar arrastrando		
1318	llevar en los brazos,  abrazar	928	EMBRACE
1319	llorar	1839	CRY
1320	llorar por un muerto,  lamentarse por un muerto		
1321	lluvia	658	RAIN (PRECIPITATION)
1322	lobo del río,  lobo marino		
1323	locativo (de origen e de destino)		
1324	locativo/dativo		
1325	loma		
1326	lombriz		
1327	lombriz,  gusano	1219	WORM
1328	lontra		
1329	loro	882	PARROT
1330	lua		
1331	luciérnaga	206	FIREFLY
1332	luciérnaga,  linterna	206	FIREFLY
1333	lugar		
1334	lugar de		
1335	lugar,  locativo		
1336	luna	1313	MOON
1337	luna,  mês	1313	MOON
1338	luz de la luna		
1339	lábio		
1340	lábio inferior		
1341	lábio,  boca	674	MOUTH
1342	lábios		
1343	lábios,  barbilla	1510	CHIN
1344	lábios,  orilla del río		
1345	lágrima	1651	TEAR (OF EYE)
1346	lágrimas		
1347	lâmina		
1348	língua		
1349	líquido		
1350	líquido (pero no água pura)		
1351	líquido,  agua	948	WATER
1352	líquido,  água		
1353	lma		
1354	macaco		
1355	macaco (genérico)		
1356	macaco capelão		
1357	macaco da noite		
1358	macaco de cheiro		
1359	macaco guariba		
1360	macaco pequeño,  suim		
1361	macaco prego		
1362	macaco preto		
1363	macaco preto (esp. de macaco da fam Atelidae)		
1364	macaco sagui		
1365	macaco soim		
1366	macana,  garrote		
1367	macaxeira,  mandioca		
1368	machacar barbasco		
1369	machacar o meter (como clavo o poste en el suelo)		
1370	machacar,  moler	1033	GRIND
1371	machado		
1372	machete	2680	MACHETE
1373	macho (animal o planta),  esposo	1200	HUSBAND
1374	madre	1216	MOTHER
1375	maduro	178	RIPE
1376	majillo (clase de palma)		
1377	majás		
1378	majás,  roedor pequeño		
1379	mal olor,  algo apestoso		
1380	mala		
1381	malária,  febre		
1382	mamão		
1383	mandioca		
1384	mandíbula	798	JAW
1385	mango de flecha		
1386	mano	1277	HAND
1387	mano,  manga	1277	HAND
1388	manzana de adán		
1389	manzana de Adán		
1390	maquisapa		
1391	marca de 3a pessoa		
1392	marca de negação passado		
1393	marcador de switch reference transitivo		
1394	marido	1200	HUSBAND
1395	marido,  esposo	1200	HUSBAND
1396	marido,  macho	1200	HUSBAND
1397	marigüi		
1398	marimbondo,  abelha		
1399	marimbondo,  caba		
1400	marrom		
1401	martim pescardor		
1402	martín pescador		
1403	mascota,  animals domésticos	3780	PET
1404	mata,  floresta		
1405	matar	1417	KILL
1406	matar,  cazar	1417	KILL
1407	mate		
1408	mato		
1409	maíz	506	MAIZE
1410	medicina		
1411	medicina (vegetal)		
1412	medicina,  veneno	655	POISON
1413	medir	1506	MEASURE
1414	medo		
1415	mel		
1416	menina		
1417	menina,  moça		
1418	mensaje		
1419	mentir	601	LIE (MISLEAD)
1420	mentir,  hablar mintiendo	601	LIE (MISLEAD)
1421	mentira		
1422	mentira,  falso		
1423	mentiroso		
1424	mesa	1775	TABLE
1425	mestizo		
1426	metal	2244	METAL
1427	meter	998	PUT
1428	meter una aguja en la cadera		
1429	meter varias cosas		
1430	mexer		
1431	mi papá		
1432	miel de abejas		
1433	milho		
1434	mingau		
1435	minha esposa amada		
1436	minhoca		
1437	miolos da cabeça		
1438	modo imperativo		
1439	moer		
1440	moho		
1441	moho,  hongo, **clase de hongos		
1442	mojado	1726	WET
1443	mojado,  húmedo	1726	WET
1444	mojar algo		
1445	mojar,  estar mojado		
1446	mojarra		
1447	mojarrita		
1448	mojarse		
1449	moler alimentos		
1450	moler,  machacar	1033	GRIND
1451	molhado		
1452	molhar		
1453	molhar,  molhado		
1454	mono	1350	MONKEY
1455	mono coto		
1456	mono cuatro ojos		
1457	mono maquisapa		
1458	mono nocturno,  musmuqui		
1459	montaña	639	MOUNTAIN
1460	monte limpio		
1461	monte,  bosque	1683	BUSH
1462	montón de granulos como de tierra al lado del hueco de un insecto,  migajas de pán		
1463	montón de troncos o palo		
1464	morado,  bien negro		
1465	morcego		
1466	morder	1403	BITE
1467	morder,  terminar	1403	BITE
1468	morfema coletivizador		
1469	morfema de concordância de transitividade		
1470	morfema de negação para tempo não passado		
1471	Morfema verbal benefactivo		
1472	morrer		
1473	morro		
1474	morro,  colina	614	HILL
1475	mosca	1504	FLY (INSECT)
1476	mosca,  mosquito	1504	FLY (INSECT)
1477	mosquitero		
1478	mosquito,  carapanã	1509	MOSQUITO
1479	mosquito,  zancudo	1509	MOSQUITO
1480	mostrar	1039	SHOW
1481	mostrar [probablemente <<causar ver>>	1039	SHOW
1482	motelo (esp. de tortuga terrestre)		
1483	mouth, border, lip(s),  chin		
1484	mover el leme o la cola del motor de la embarcación		
1485	mover la oreja		
1486	mover las orejas para escuchar		
1487	mover una cosa		
1488	moça		
1489	muchacho adolescente		
1490	mucho,  bastante	1198	MANY
1491	mucho,  muchos	1198	MANY
1492	muchos	1198	MANY
1493	muito		
1494	mujer	962	WOMAN
1495	mujer anciana		
1496	mujer anciana,  hembra de animal		
1497	mujer joven		
1498	mujer vieja	907	OLD WOMAN
1499	mujer,  hembra	962	WOMAN
1500	mulher		
1501	mulher velha		
1502	mulher,  esposa	1199	WIFE
1503	mulher,  velha		
1504	murciélago	1793	BAT
1505	murciélago grande		
1506	muslo	471	UPPER LEG (THIGH)
1507	musmuque (esp. de mono nocturno)		
1508	musmuque (esp. de mono)		
1509	mutum		
1510	mutum (da esp. da fam. Cracidae)		
1511	más tarde		
1512	más tarde,  detrás		
1513	mão		
1514	mão direita		
1515	médula,  dentro de	1835	MARROW
1516	músculo da perna		
1517	músculos		
1518	músculos de la espalda inferior		
1519	na terra,  no chão		
1520	na terra,  por terra		
1521	nadar	1439	SWIM
1522	nadar,  flotar	1439	SWIM
1523	nail		
1524	nambu		
1525	nambu galinha		
1526	narina		
1527	nariz	1221	NOSE
1528	nariz,  pico (de ave)	1221	NOSE
1529	navegar cerca de la orilla,  descargar (sangre)		
1530	neblina	249	FOG
1531	neblina espesa,  niebla	249	FOG
1532	negación		
1533	negativo		
1534	negativo prohibitivo		
1535	negação		
1536	negação de imperativo		
1537	negação geral		
1538	negação não passado		
1539	negação passado		
1540	negro	163	BLACK
1541	nene		
1542	nido	539	NEST
1543	nido de la tocandera		
1544	nigua		
1545	ninho		
1546	niña	1646	GIRL
1547	niño	2099	CHILD
1548	niño pequeño		
1549	niño,  prole	2099	CHILD
1550	no	1240	NOT
1551	no profundo y también claro		
1552	no profundo y también cristalina <<clara>>,  del agua		
1553	no querer		
1554	noche	1233	NIGHT
1555	nocturno,  pasado		
1556	noite		
1557	noite,  escurecer		
1558	noite,  escuro		
1559	nom. próprio		
1560	nombrar		
1561	nombre	1405	NAME
1562	nombre de hombre		
1563	nombre de mujer		
1564	nombre propio		
1565	nome		
1566	nome de mulher		
1567	nome próprio		
1568	nome próprio,  barba	678	BEARD
1569	nomear		
1570	nominalizado com função de instrumento		
1571	nominalizador		
1572	nominalizador de instrumento		
1573	nominalizador de instrumento ou objeto		
1574	nominalizador instrumental		
1575	nominalizador,  “poder”	2526	POWER
1576	nosotros	1212	WE
1577	nosotros tenemos tos		
1578	nosso pai		
1579	nova		
1580	novo		
1581	novo, fresco,  cru	243	FRESH
1582	nuca	1347	NAPE (OF NECK)
1583	nuevo	1231	NEW
1584	nuez de la garganta,  manzana de Adán	802	ADAM'S APPLE
1585	nutria	15	OTTER
1586	nutria gigante, tigre de agua, nutria	15	OTTER
1587	não		
1588	não ter,  negativo		
1589	não índio		
1590	nós,  nos		
1591	nós,  nosso		
1592	número 2		
1593	o que		
1594	o quê		
1595	o quê?		
1596	obscuridad,  oscuridad	2297	DUSK
1597	obscuro	1764	OBSCURE
1598	obtener,  recibir	694	GET
1599	ojo	1248	EYE
1600	ojo,  semilla	1248	EYE
1601	ola	978	WAVE
1602	ola del lago		
1603	olas		
1604	oler	1586	SMELL (PERCEIVE)
1605	olhar		
1606	olho		
1607	olho,  semente		
1608	olla	3653	COOKING POT
1609	olla de barro		
1610	olla de metal para cocinar		
1611	olla para cocinar		
1612	olor de pez		
1613	olor de pez o de sangre		
1614	olor gasoso de la carnes		
1615	olvidar	1523	FORGET
1616	olvidarse		
1617	ombro		
1618	ondas		
1619	onça		
1620	oreja	1247	EAR
1621	oreja,  oído	1247	EAR
1622	orelha		
1623	orinar	592	PISS
1624	oropéndola,  paucar		
1625	oscurecerse		
1626	oscuro	706	DARK
1627	oscuro,  negro	163	BLACK
1628	oscuro,  noche	1233	NIGHT
1629	oso hormiguero	181	ANTEATER
1630	osso		
1631	osso do tornozelo,  tornozelo		
1632	otorongo negro		
1633	otra tierra, otra parte,  otro sitio		
1634	otro	197	OTHER
1635	ouricuri		
1636	outro		
1637	outro dia		
1638	ouvido		
1639	ouvido (provavelmente paβi (orelha) + n (gen.) + kini (buraco) = buraco da orelha)		
1640	ouvir, escutar,  entender	1536	UNDERSTAND
1641	ovo		
1642	oído	1247	EAR
1643	oír	1408	HEAR
1644	paca		
1645	paca (Cuniculus paca)		
1646	paca,  clase de roedor		
1647	padre	1217	FATHER
1648	padre,  también término de respeto para los hombres ancianos	1217	FATHER
1649	pagar	718	PAY
1650	pagar,  restituir	718	PAY
1651	pai		
1652	pai dele		
1653	paisano		
1654	palabra general para lechuzas medianas y pequeñas		
1655	palabra,  habla	1599	WORD
1656	palha		
1657	palizada		
1658	palmeira		
1659	palmeira que utilizam para cobrir a casa (prov. Jarina)		
1660	palmera espinosa cultivada		
1661	palmera grande		
1662	palmera grande,  shapaja		
1663	palo de tejer que divide el hilo en dos partes para tejer		
1664	palo podrido,  palo viejo		
1665	palo seco sin gajos y sin cáscara		
1666	palometa		
1667	palpar,  tocar algo		
1668	pamonha		
1669	pan	1368	BREAD
1670	panela dos brancos		
1671	pantorrilha		
1672	pantorrilla	498	CALF OF LEG
1673	panza,  tripas (estómago e intestinos)	1334	GUTS
1674	papa,  sachapapa	593	POTATO
1675	papagaio		
1676	papagaio (esp. da fam. Psittacidae)		
1677	papaya		
1678	papaya (palabra antigua),  Lat. Carica papaya (Fam. caricaceae)		
1679	papá de su esposo,  papá de sua esposa		
1680	papá,  tío paterno	1217	FATHER
1681	para frente,  para cima (no rio)		
1682	parar (de hacer una acción intransitiva),  callarse	48	BE SILENT
1683	pararse		
1684	parente		
1685	parra		
1686	parte do osso frontal onde estão localizadas as sombrancelhas		
1687	parte posterior		
1688	parte superior de la cabeza		
1689	partes íntimas de la mujer		
1690	pasar		
1691	pasar una cosa o un lugar		
1692	passar		
1693	pasto,  hierba	606	GRASS
1694	patear,  pisar algo aplastandólo	1135	KICK
1695	pato	1360	DUCK
1696	pau dos velhos e do pajé		
1697	pau velho,  pau podre		
1698	paujil		
1699	pava de Spix		
1700	pava del monte		
1701	Pava garantiazul		
1702	paxiúba		
1703	país	1300	COUNTRY
1704	pecho	1592	CHEST
1705	pecho de ave		
1706	pecho,  buche de ave	1592	CHEST
1707	pedazo	779	PART
1708	pedazo de una cosa larga		
1709	pedazo roto o tiesto de cerámica		
1710	pedaço,  caco		
1711	pedir	1828	ASK (REQUEST)
1712	pedra		
1713	pedra utilizada para amolar		
1714	pedra,  lima	982	LIME (FRUIT)
1715	pedra,  pilão de moer milho		
1716	pedra,  rocha		
1717	pegar	1069	GLUE
1718	pegar,  agarrar com a mão	1069	GLUE
1719	pegar,  golpear com el puño	1069	GLUE
1720	pegar, unir, amarrar	1069	GLUE
1721	peito		
1722	peito (prefixo parte do corpo)		
1723	peixe		
1724	peixe cascudo		
1725	pelar	275	PEEL
1726	pelar,  mudar la piela	275	PEEL
1727	pelar-se,  mudar de pele		
1728	pelarse		
1729	pele		
1730	pele,  couro		
1731	pelo	1040	HAIR
1732	pelo do corpo		
1733	pelo,  cabelo	1040	HAIR
1734	pelos pequeños,  pelusa en la parte posterior de la hoja		
1735	pena		
1736	pensamento		
1737	pensar	2271	THINK
1738	pequeno		
1739	pequeno,  delgado	1400	THIN (SLIM)
1740	pequeño	1246	SMALL
1741	pequeño,  chico	1246	SMALL
1742	pequeño,  poco	1246	SMALL
1743	pequeño, inmaduro, no completamente desarrollado,  redrojo	1246	SMALL
1744	perder	3072	MISPLACE
1745	perder,  esquecer	3072	MISPLACE
1746	perderse		
1747	perderse,  olvidar	1523	FORGET
1748	perdiz grande		
1749	pereba		
1750	peresozo de dos dedos		
1751	perezoso de dos dedos		
1752	perforarse la oreja		
1753	perguntar		
1754	periquito	886	PARAKEET
1755	perna		
1756	perro	2009	DOG
1757	perro (sendo substituído pelo empréstimo SK	2009	DOG
1758	perro salvaje		
1759	perro,  jaguar	2009	DOG
1760	perro,  tigre	2009	DOG
1761	persona o animal sin oreja o sin orejas,  animal sin cuernos		
1762	pesado	1210	HEAVY
1763	pescar com huaca o barbasco		
1764	pescar con veneno		
1765	pescaria		
1766	pescoço		
1767	pescoço,  cangote		
1768	peso		
1769	pessoa		
1770	pessoa,  corpo		
1771	pestaña	1540	EYELASH
1772	pez	227	FISH
1773	pez (término genérico)	227	FISH
1774	pez pequeño		
1775	pez semejante a la sardina		
1776	piaba		
1777	piau		
1778	pica-pau		
1779	picaflor	1589	HUMMINGBIRD
1780	picar	571	STING
1781	picar, dar agulhada, ferrar, injetar,  furar	571	STING
1782	picazón,  comezón	148	ITCH
1783	pichico (esp. de mono)		
1784	pie	1301	FOOT
1785	piedra	857	STONE
1786	piedra dura,  roca		
1787	piel	763	SKIN
1788	piel,  vello corporal	763	SKIN
1789	pierna	1297	LEG
1790	pierna de hombre		
1791	pieza rota (que no sea de cerámica)		
1792	pihuicho,  perico	886	PARAKEET
1793	pilar		
1794	pilão de pamonha		
1795	pilão,  pedra		
1796	pimenta		
1797	pinsha,  tucán	308	TOUCAN
1798	piojo	1392	LOUSE
1799	piojo,  pulga	1392	LOUSE
1800	piolho		
1801	piranha		
1802	piranha (esp. de peixe)		
1803	piraña		
1804	pisar	575	TREAD
1805	pisar fuerte		
1806	pisar,  amassar	575	TREAD
1807	pisar,  golpear con el pie	575	TREAD
1808	pisó en la culebra		
1809	pium		
1810	pium (esp.demosca)		
1811	piña	2440	PINEAPPLE
1812	planta cuya corteza macerada tiñe el tejido de azul		
1813	planta del pie		
1814	planta sembrada		
1815	planta venenosa (general)		
1816	planta,  medicina	653	PLANT (VEGETATION)
1817	plantada		
1818	plantar	653	PLANT (VEGETATION)
1819	plantaram		
1820	plantação,  roçado		
1821	plataforma		
1822	plataforma de corteza de palmera		
1823	pluma	1201	FEATHER
1824	plumas suaves		
1825	plumón		
1826	plumón de pato		
1827	plural		
1828	plural (varios o muchos)		
1829	plural del sustantivo		
1830	pluralizador		
1831	pluralizador del sujeto de un verbo intransitive,  plural de verbo intransitivo		
1832	plátano	399	PLANTAIN
1833	plátano (nombre genérico)	399	PLANTAIN
1834	plátano común		
1835	plátano dulce		
1836	podre		
1837	podre,  estragado		
1838	podrido	1728	ROTTEN
1839	podrido,  fermentado	1728	ROTTEN
1840	podrido,  viejo	1229	OLD
1841	poeia		
1842	poeira		
1843	polvo	2	DUST
1844	polvo de cualquier clase		
1845	pomo de adão		
1846	pona		
1847	pona (esp. de palmera)		
1848	poner	998	PUT
1849	poner adentro		
1850	poner en el interior,  poner en el fuego o al fuego		
1851	poner en líquido,  poner en candela		
1852	poner en,  meter	998	PUT
1853	poner huevo		
1854	ponerse camisa,  cubrirse		
1855	ponerse de coclillas		
1856	ponerse de pie		
1857	ponerse de pie (sing.)		
1858	ponerse de pie,  caminar	1443	WALK
1859	ponerse ropa		
1860	ponta		
1861	ponta,  cabeceira do rio		
1862	ponta,  extremo		
1863	ponte		
1864	ponte,  plataforma		
1865	por dentro		
1866	por quê?		
1867	por tierra		
1868	porco		
1869	povo		
1870	pozo (hondura en la vuelta de un río)		
1871	precio	657	PRICE
1872	precio,  caro	657	PRICE
1873	preguiça real		
1874	preguntar	1309	ASK (INQUIRE)
1875	prima cruzada de hombre		
1876	primo cruzado menor de hombre		
1877	proa		
1878	probar		
1879	probar el centro		
1880	probar,  catar	21	TASTE (SOMETHING)
1881	profundo		
1882	profundo,  hondo		
1883	pron. demonstrativo esse,  esa		
1884	pron. quien,  nadie		
1885	pronome possessivo (su, de él,  de ella)		
1886	pronto dentro de unos días		
1887	pucacunga (esp. de ave)		
1888	pucarara (esp. de culebra)		
1889	pueblo, ciudad,  país	930	VILLAGE
1890	puente	1011	BRIDGE
1891	pulga	232	FLEA
1892	puma garza		
1893	pumagarza		
1894	punhos		
1895	punta ancha,  restos de la punta		
1896	punta de la lanza		
1897	punta,  delantera	1662	CAPE
1898	punta,  extremo delantero	1662	CAPE
1899	punta, extrema,  terminación,  cabecera	1662	CAPE
1900	punzar	398	PIERCE
1901	punzar con algo pontiagudo		
1902	pupunha		
1903	pupunha,  Lat. Bactris gasipaes		
1904	purma		
1905	pus	1808	PUS
1906	pus,  materia	1808	PUS
1907	pus,  savia	345	SAP
1908	puxar		
1909	pájaro	937	BIRD
1910	pájaro carpintero		
1911	pájaro que vive alto		
1912	pálido		
1913	pássar,  animal comestível		
1914	pão		
1915	pé		
1916	pêlo		
1917	pêlo (forma genérica)		
1918	pêlo peitoral		
1919	pêlo pubiano		
1920	pêlo,  cabelo		
1921	pó		
1922	pó,  seco	1398	DRY
1923	quando		
1924	quantificador		
1925	quanto		
1926	quantos		
1927	quati		
1928	quati puru		
1929	quati,  lat. nasua nasua		
1930	quatipuru		
1931	que interrogativo		
1932	que,  o que	1236	WHAT
1933	quebrada	947	STREAM
1934	quebrar	680	BREAK (DESTROY OR GET DESTROYED)
1935	quebrarse		
1936	queixada		
1937	queixada,  bando de queixada		
1938	queixo		
1939	quem		
1940	quemar	141	BURN (SOMETHING)
1941	quemar,  incendiar	141	BURN (SOMETHING)
1942	quente		
1943	quente,  calor		
1944	querer	923	LOVE
1945	querer descansar en vez de continuar (haciendo algo)		
1946	querer,  sufijo verbal desiderativo	923	LOVE
1947	querer, futuro iminente (estar para,  estar querendo)	923	LOVE
1948	quien	1235	WHO
1949	quien(es), quién(es)	1235	WHO
1950	quijada		
1951	quitar		
1952	quitarle a alguien		
1953	quién	1235	WHO
1954	quién?	1235	WHO
1955	qué	1236	WHAT
1956	qué?	1236	WHAT
1957	qué?,  cuál?	1236	WHAT
1958	rabo		
1959	rabo,  pênis		
1960	rachado		
1961	racimo	1966	BUNCH
1962	raiz		
1963	rama del árbol		
1964	rama pequeña que retoña de un tallo		
1965	ramas pequeñas,  patas de inssecto		
1966	rana terrestre mediana		
1967	rana,  sapo	503	FROG
1968	rapidamente		
1969	raposa		
1970	rascar	1436	SCRATCH
1971	rascar como lo hace la gallina		
1972	raspar(se) las orejas		
1973	rata	1490	RAT
1974	rata del bosque		
1975	rata que los matsés comen		
1976	rata,  ratón	1490	RAT
1977	rato		
1978	ratón	1491	MOUSE
1979	raya		
1980	raya (ichth. Pestinaca): huso	277	SPINDLE
1981	raya,  pastinaca		
1982	razurarse la cabeza,  hacer(se) calvo		
1983	raíz	670	ROOT
1984	raíz (de cualquier planta o árbol)	670	ROOT
1985	rebanar,  cortar	1432	CUT
1986	recientemente		
1987	rede		
1988	reflexión,  espírito malo		
1989	reir,  sonreir	1355	LAUGH
1990	reirse o burlarse		
1991	relámpago	1654	LIGHTNING
1992	relámpago ligero		
1993	relâmpago		
1994	remar	1849	ROW
1995	remo	3137	OAR
1996	remo,  paleta para mezclar (para cocinar)	3137	OAR
1997	remo, canalete	3137	OAR
1998	remédio		
1999	remédio do mato		
2000	remédio,  medicina tradicional		
2001	resina		
2002	respirar	1407	BREATHE
2003	respirar,  expeler aire	1407	BREATHE
2004	retener en la boca		
2005	retrato,  espírito		
2006	reunir,  ser muchos		
2007	revolcar		
2008	reírse		
2009	riachuelo		
2010	riachuelo grande		
2011	rim		
2012	rio	666	RIVER
2013	rio grande		
2014	rir		
2015	riñon		
2016	robar	713	STEAL
2017	robar,  esconder	713	STEAL
2018	robar,  robo	713	STEAL
2019	rocío	1977	DEW
2020	rodar		
2021	rodilla	1371	KNEE
2022	rodilla,  rótula	1371	KNEE
2023	rojo	156	RED
2024	rojo,  maduro	156	RED
2025	rojo, maduro	156	RED
2026	romper	680	BREAK (DESTROY OR GET DESTROYED)
2027	romper (p.ej. una flecha)	680	BREAK (DESTROY OR GET DESTROYED)
2028	romper cosas duras		
2029	romper en dos partes		
2030	ropa	1895	CLOTHES
2031	ropa en general		
2032	rosto,  cara (prefixo parte do corpo)	1560	FACE
2033	rotar		
2034	roubar		
2035	roubar,  esconder	602	HIDE (CONCEAL)
2036	roupa		
2037	roxo		
2038	roça		
2039	roça,  roçado		
2040	roçado		
2041	roçado,  plantação		
2042	ruido al gopear		
2043	rápido,  veloz	1631	FAST
2044	río	666	RIVER
2045	río arriba,  arriba	1591	UP
2046	río grande		
2047	río grande,  mar	1474	SEA
2048	río grande, río	666	RIVER
2049	río,  líquido	666	RIVER
2050	rótula		
2051	rótula,  joelho		
2052	saber	1410	KNOW (SOMETHING)
2053	saber,  aprender	1410	KNOW (SOMETHING)
2054	saber,  conocer	1410	KNOW (SOMETHING)
2055	sabor (doce e salgado)		
2056	saborear, probar, comprobar,  verificar		
2057	sabroso	1813	TASTY
2058	sachaperro (esp. de perro silvestre)		
2059	saia		
2060	sajino		
2061	sal	1274	SALT
2062	salir de la piel,  salir del capullo		
2063	saltar	1829	JUMP
2064	sangre	946	BLOOD
2065	sangue		
2066	savia	345	SAP
2067	savia pegajosa		
2068	secarse,  marchitarse		
2069	seco	1398	DRY
2070	seco,  caliente	1286	HOT
2071	seco,  listo para quemarse	1398	DRY
2072	secreción		
2073	seguir	1085	FOLLOW
2074	seguir llevando en los brazos		
2075	segurar no colo		
2076	segurar, sustentar		
2077	seio		
2078	seio feminino,  mamar		
2079	seios		
2080	seios,  leite		
2081	sem braço,  cobra		
2082	sem orelha		
2083	sembrar		
2084	sembrar,  plantar	653	PLANT (VEGETATION)
2085	semente		
2086	semilla	714	SEED
2087	semilla,  pupila del ojo	714	SEED
2088	sempre		
2089	seno	1402	BREAST
2090	seno,  teta	1402	BREAST
2091	sentado	1416	SIT
2092	sentado,  asentado	1416	SIT
2093	sentar	1416	SIT
2094	sentar (sentar-se)	1416	SIT
2095	sentarse	1416	SIT
2096	sentir dolor,  dolor	1668	GRIEF
2097	sentir fome		
2098	sentir saudade		
2099	sentir vergonha		
2100	septo		
2101	septo de la nariz		
2102	septo nasal		
2103	ser amigable		
2104	ser gordo		
2105	seres humanos indefinidos,  plural		
2106	serpiente,  víbora	730	SNAKE
2107	seta,  hongo	641	MUSHROOM
2108	seu nariz		
2109	seu pai		
2110	seu, sua, dele,  dela		
2111	shansho		
2112	shansho (esp. de ave)		
2113	Shansho(ERG.)		
2114	shapaja (esp. de árbol)		
2115	Sharanahua (gente verdadeira)		
2116	shushupi		
2117	shushupi (esp. de culebra venenosa)		
2118	silbar (como la serpiente)	1025	WHISTLE
2119	silla chácobo,  echa de palma real		
2120	sin filo,  sin punta		
2121	sin oído		
2122	sin pelo en la coronilla de la cabeza		
2123	smoke		
2124	sobrancelha		
2125	sobrancelhas		
2126	sobrancelhas (?)		
2127	sobre, encima,  acima	3088	ENVELOPE
2128	sobrinha		
2129	sobrinho		
2130	sobrinho,  filho da irmã		
2131	sobrino	1063	NEPHEW
2132	sobrino cruzado de hombre		
2133	sobrino de hombre		
2134	sobrino de un hombre		
2135	sobrino,  hijo de la hermana de una mujer	1063	NEPHEW
2136	sobrino,  sobrina	1063	NEPHEW
2137	Socó,  tipo de pássaro		
2138	soga		
2139	sol	1343	SUN
2140	solamente		
2141	sollozar,  el sonido de la voz del mutún		
2142	solo,  uno	1493	ONE
2143	soltar	1095	LET GO OR SET FREE
2144	soluço,  soluçar		
2145	sombra	1388	SHADE
2146	sombrero	771	HAT
2147	somente,  apenas		
2148	sonhar		
2149	sonho		
2150	sopa	1547	SOUP
2151	sopa de peixe		
2152	sopa que contiene carne		
2153	sopa,  caldo	1547	SOUP
2154	soplar	175	BLOW (OF WIND)
2155	soplar (el viento)	175	BLOW (OF WIND)
2156	soplar,  respirar	175	BLOW (OF WIND)
2157	sordo	996	DEAF
2158	sostener (una cosa)	1448	HOLD
2159	sostener a la vista		
2160	sostener la cara		
2161	soñar	1920	DREAM (SOMETHING)
2162	stand,  pararse		
2163	su		
2164	su (de él,  de ella)		
2165	su (sing.)		
2166	su hermano (de ella),  su hermana (de él)		
2167	su,  de ellos		
2168	su, de él, de ella,  de ello		
2169	sua		
2170	sua casa		
2171	sua,  possessivo		
2172	suar		
2173	suavizar (la tierra),  rastrillar		
2174	subir	1102	CLIMB
2175	subir (como a um árbol)	1102	CLIMB
2176	subir (como la ardilla en el árbol)	1102	CLIMB
2177	subir (um morro)	1102	CLIMB
2178	subir a,  meterse		
2179	subir puxando algo		
2180	subir un cerro		
2181	subir,  trepar	1102	CLIMB
2182	subordinação transitiva,  aspecto completo		
2183	sudar,  transpirar	2458	PERSPIRE OR SWEAT
2184	sudor,  sudar	2458	PERSPIRE OR SWEAT
2185	sufijo locativo no específico		
2186	sufijo verbal nominalizador		
2187	sufixo classificador de objeto inanimado		
2188	sufixo de concordancia transitiva		
2189	sufixo de concordância do intransitivo		
2190	sufixo locativo ablativo		
2191	sufixo negativo		
2192	sufixo verbal causativo		
2193	sufixo verbal imperativo		
2194	sujo,  preto		
2195	sumergir		
2196	suor		
2197	surdo		
2198	surgir,  aparecer	1076	EMERGE (APPEAR)
2199	surubim		
2200	surubim (Pseudoplatyatoma coruscans)		
2201	suspender		
2202	sério,  bravo		
2203	tabaco	974	TOBACCO
2204	tabaquero (esp. de tucán)		
2205	taboca		
2206	taboca utilizada para fazer flechas		
2207	taboca,  cana brava	659	REED
2208	taboca,  flecha	977	ARROW
2209	taladrar horizontalmente		
2210	talón del pie		
2211	tamanduá		
2212	tamanduá-bandeira		
2213	también		
2214	tambo (sobre la playa)		
2215	tambo, albergue,  refugio temporal		
2216	também		
2217	tanto		
2218	tantos quantos		
2219	tapir		
2220	tapiri,  casa temporária		
2221	tarde	1807	AFTERNOON
2222	tarso (lo que sería la rodilla)		
2223	tartaruga		
2224	tartaruga,  jabuti		
2225	tatu		
2226	tatu bandeira		
2227	tatu canastra		
2228	tazón,  tazón de barro	1530	BOWL
2229	te		
2230	tecer		
2231	techar con ojas		
2232	teia de aranha		
2233	tejer hamacas u hojas para techo		
2234	tejer ropa		
2235	tejer,  techar con paja u hojas	133	WEAVE
2236	tejido apretado		
2237	tela,  falda	1600	SKIRT
2238	tela,  ropa	1895	CLOTHES
2239	telaraña	1065	SPIDER WEB
2240	temblor		
2241	temer	1419	FEAR (BE AFRAID)
2242	tener calor		
2243	tener fiebre		
2244	tener hambre para carne		
2245	tener hipo,  eructar	162	HICCOUGH
2246	tener hipo,  hipar	162	HICCOUGH
2247	tener la boca bien abierta		
2248	tener miedo,  tener verguenza		
2249	tener pena		
2250	tener sed		
2251	tener simpatía a alguien		
2252	tener sueño		
2253	tener tendencia de		
2254	tener vergüenza		
2255	tener vergüenza,  avergonzado	1894	ASHAMED
2256	ter		
2257	ter febre,  esquentar-se		
2258	ter medo		
2259	ter medo,  assustar-se		
2260	ter sede		
2261	ter sono		
2262	terminar	1766	FINISH
2263	terminar,  acabar	1766	FINISH
2264	terminar,  consumir	1766	FINISH
2265	terminar,  morder	1403	BITE
2266	terra		
2267	tesoura		
2268	testa		
2269	testa,  cara	1560	FACE
2270	teta	1402	BREAST
2271	teto (feito de palha)		
2272	then		
2273	throw down		
2274	tibido,  caliente	1286	HOT
2275	tibio,  templado		
2276	tierra	1228	EARTH (SOIL)
2277	tieso		
2278	tieso,  rígido como papel nuevo		
2279	tiesto, casco	1680	HELMET
2280	tigre del río		
2281	tigre grande		
2282	tigre súngaro (grande)		
2283	tingui do mato		
2284	tio		
2285	tio materno		
2286	tipo de arbol		
2287	tipo de banco		
2288	tipo de batata		
2289	tipo de caixa		
2290	tipo de capim próprio para alimentação da anta		
2291	tipo de caña usada para hacer flechas (palabra antigua). C.L. caña brava. Lat. Gyneryum sagittatum (Fam. Graminae)		
2292	tipo de cesto		
2293	tipo de desenho utilizado nas tatuagens faciais,  feito com espinho		
2294	tipo de flauta		
2295	tipo de lagarto		
2296	tipo de mono pequeño		
2297	tipo de panela		
2298	tipo de peixe amazônico		
2299	tipo de pássaro		
2300	tipo de veneno		
2301	tipodecesto		
2302	titio		
2303	tizón		
2304	tizón,  carbón de leña		
2305	to hear		
2306	to stand up		
2307	toalha		
2308	tobillo	803	ANKLE
2309	tocar	1892	TOUCH
2310	tocar con toda la mano		
2311	tocar, mexer com a mão,  tatear	1892	TOUCH
2312	tocar, sentir,  probar tocando o gustando	1892	TOUCH
2313	tocayo		
2314	toco,  tronco	344	TREE TRUNK
2315	tocón alto		
2316	tocón de um árbol		
2317	tocón de árbol (pabudush <<rama nueva,  retoño que está saliendo de un tronco>>)		
2318	toditos,  todo igual		
2319	todo		
2320	todos	98	ALL
2321	todos esos,  todos, cada uno	98	ALL
2322	todos, varios del mismo tipo, esta cantidad	98	ALL
2323	tomar	1749	TAKE
2324	tomar banho,  banhar-se		
2325	tomar,  beber	1401	DRINK
2326	tomar,  chupar	1421	SUCK
2327	tomar, beber	1401	DRINK
2328	tombar		
2329	torcer	3199	TWIST (AROUND)
2330	torcer,  doblar	3199	TWIST (AROUND)
2331	torcer, girar,  mover em círculos	121	SPIN
2332	tornozelo		
2333	tortuga terrestre		
2334	tos		
2335	toser	879	COUGH
2336	tossir		
2337	traer	692	BRING
2338	traer,  coger	692	BRING
2339	tragar	897	SWALLOW
2340	tragar,  beber	1401	DRINK
2341	transparente		
2342	trazer		
2343	trazer, buscar	1468	LOOK FOR
2344	tributario		
2345	tripa	1251	BELLY
2346	tripas	1334	GUTS
2347	triste,  nostálgico	699	SAD
2348	tristeza		
2349	trocha	2252	PATH
2350	trompetero (esp. de ave)		
2351	tronco	344	TREE TRUNK
2352	tronco ahuecado usado para moler maíz		
2353	tronco de árbol		
2354	tronco flotante,  rama o tronco parcialmente sumergido		
2355	tronco flotante,  árboles parcialmente sumergido		
2356	troncos o palos		
2357	tu, você		
2358	tucano		
2359	tucano pequeno		
2360	tucán	308	TOUCAN
2361	tumbar		
2362	tumbar algo		
2363	tumor en el cuello		
2364	tutano		
2365	tutuma		
2366	tuétano,  médula	1835	MARROW
2367	término general para plantas que se consideran venenosas,  o plantas que sirven para preparar medicinas		
2368	tío	1327	UNCLE
2369	tío cruzado		
2370	tío materno		
2371	tío materno,  padre (hablante femenino)	1217	FATHER
2372	tío materno,  sobrino	1063	NEPHEW
2373	tío paterno		
2374	túnica		
2375	Ucayali		
2376	um		
2377	um (numeral)		
2378	um árbol pequeño cuya corteza se usa para hacer sogas		
2379	un abanico		
2380	un ayuno		
2381	un cardenal o moretón		
2382	un poquito		
2383	una cosa con cáscara se pela,  salir de la cáscara		
2384	una línea en zigzag		
2385	una maldición		
2386	unha		
2387	unha da mão		
2388	unha del dedo		
2389	unha do pé		
2390	unir,  juntar	1743	JOIN
2391	uno	1493	ONE
2392	urina		
2393	urinar		
2394	urinar,  urina		
2395	urubu		
2396	urubu rei		
2397	urucum		
2398	urucum (a árvore e o seu fruto)		
2399	ustedes (forma de objeto)	1213	YOU
2400	ustedes,  vosotros	1213	YOU
2401	uña	1258	FINGERNAIL
2402	uña de los dedos de la mano		
2403	uña del dedo de la mano		
2404	uña del dedo del pie		
2405	uña del dedo del pier,  garra	72	CLAW
2406	uña,  dedo de la mano	1258	FINGERNAIL
2407	vacío	1624	EMPTY
2408	vacío,  hueco	1624	EMPTY
2409	vaga-lume		
2410	valor		
2411	variedad de plátano		
2412	varrer		
2413	varrer,  ciscar		
2414	varón	2106	MALE PERSON
2415	vasija		
2416	vasilha,  prato		
2417	vassoura		
2418	vazio		
2419	ve!		
2420	veado		
2421	veia		
2422	veia,  corda		
2423	veia,  elástico		
2424	velha		
2425	velho		
2426	velho,  envelhecido		
2427	velho,  homónimo mais velho		
2428	vello del cuerpo		
2429	vello,  pelo del cuerpo de un animal		
2430	vello,  peluza de la cabeza de un recién nacido		
2431	vena	1924	VEIN
2432	vencer		
2433	vender	1571	SELL
2434	veneno	655	POISON
2435	veneno de sapo,  resina lechosa o pegajosa		
2436	veneno,  amargo	887	BITTER
2437	veneno,  remédio	655	POISON
2438	venenosa		
2439	venenoso		
2440	vengar,  retribui		
2441	vengarse,  vengarse en brujería		
2442	venir	1446	COME
2443	vento		
2444	ver	1409	SEE
2445	ver (acompañado de prefijo)	1409	SEE
2446	ver,  mirar	1409	SEE
2447	ver,  olhar	1409	SEE
2448	verde	1425	GREEN
2449	verde (no-maduro)	1425	GREEN
2450	verde,  azul	1425	GREEN
2451	verde,  inmaduro	1425	GREEN
2452	verde,  no maduro	1425	GREEN
2453	verde, nãomaduro	1425	GREEN
2454	vergonha		
2455	verme		
2456	vermelho		
2457	verruga		
2458	verstirse,  ponerse ropas		
2459	vertebra		
2460	vespa,  marimbondo		
2461	vestir	976	WEAR
2462	vestir roupa		
2463	vestir,  poner ropa	976	WEAR
2464	vieja,  anciana		
2465	viejo	406	OLD MAN
2466	viejo (cosa)	1229	OLD
2467	viejo,  muy	1229	OLD
2468	viento	960	WIND
2469	violão		
2470	vir		
2471	vir,  chegar		
2472	vislumbrar		
2473	vivienda		
2474	vivienda; casa	1252	HOUSE
2475	voar		
2476	vocês,  vós		
2477	volverse no profundo		
2478	vomitar	1278	VOMIT
2479	vomitar não faça		
2480	voz	1363	VOICE
2481	Who		
2482	yacamí		
2483	Yarina (esp. de palmeira)		
2484	yema,  retoño		
2485	yo	1209	I
2486	yuca	925	CASSAVA
2487	zancudo	1509	MOSQUITO
2488	zancudo ergativo		
2489	zangado		
2490	zapallo,  calabaza	411	GOURD
2491	zapote		
2492	zarabatana		
2493	ácido	1906	SOUR
2494	água		
2495	água fresca (lit. líquido novo)		
2496	água,  igarapé		
2497	água,  río	666	RIVER
2498	águas abajo		
2499	águas abajo, **hacia el extremo grande, en las partes traseras		
2500	águas arriba		
2501	águas arriba,  río arriba		
2502	árbol	906	TREE
2503	árbol (tipo)	906	TREE
2504	árbol caído		
2505	árbol con frutos comestibles		
2506	árbol de algodón vegetal		
2507	árbol de fruto dulce		
2508	árbol de madera suave,  cetico		
2509	árbol frutero cultivado		
2510	árbol usado para construcción		
2511	árvore		
2512	árvore (gen.),  pau (gen.)		
2513	árvore,  pau		
2514	áspero	1923	ROUGH
2515	áspero,  con una superficie gruesa	1923	ROUGH
2516	áspero,  duro,  fuerte	1923	ROUGH
2517	ânus		
2518	él	1211	HE
2519	él,  ella	1834	SHE
2520	óleo		
2521	último en una fila		
2522	útil		
